"Record.ID","Survey.Identifier","Survey.Timestamp","q1_adap_loss","X.choice.I.dont.know.","q2_oahs_loss","X.choice.I.dont.know..1","q3_support_loss","X.choice.I.dont.know..2","q4_rural_percentage","X.choice.I.dont.know..3","X.choice.Alabama.","X.choice.Alaska.","X.choice.Arizona.","X.choice.Arkansas.","X.choice.California.","X.choice.Colorado.","X.choice.Connecticut.","X.choice.Delaware.","X.choice.District.of.Columbia.","X.choice.Florida.","X.choice.Georgia.","X.choice.Hawaii.","X.choice.Idaho.","X.choice.Illinois.","X.choice.Indiana.","X.choice.Iowa.","X.choice.Kansas.","X.choice.Kentucky.","X.choice.Louisiana.","X.choice.Maine.","X.choice.Maryland.","X.choice.Massachusetts.","X.choice.Michigan.","X.choice.Minnesota.","X.choice.Mississippi.","X.choice.Missouri.","X.choice.Montana.","X.choice.Nebraska.","X.choice.Nevada.","X.choice.New.Hampshire.","X.choice.New.Jersey.","X.choice.New.Mexico.","X.choice.New.York.","X.choice.North.Carolina.","X.choice.North.Dakota.","X.choice.Ohio.","X.choice.Oklahoma.","X.choice.Oregon.","X.choice.Pennsylvania.","X.choice.Rhode.Island.","X.choice.South.Carolina.","X.choice.South.Dakota.","X.choice.Tennessee.","X.choice.Texas.","X.choice.Utah.","X.choice.Vermont.","X.choice.Virginia.","X.choice.Washington.","X.choice.West.Virginia.","X.choice.Wisconsin.","X.choice.Wyoming.","NA.","NA..1"
1,NA,"2025-02-25 23:10:29",25,0,10,0,5,0,10,0,0,0,0,0,1,0,0,0,0,0,0,0,0,0,0,0,0,0,0,0,0,0,0,0,0,0,0,0,0,0,0,0,0,0,0,0,0,0,0,0,0,0,0,0,0,0,0,0,0,0,0,"","Complete"
2,NA,"2025-02-26 01:01:35",95,0,NA,1,NA,1,15,0,0,0,0,0,1,0,0,0,0,0,0,0,0,0,0,0,0,0,0,0,0,0,0,0,0,0,0,0,0,0,0,0,0,0,0,0,0,0,0,0,0,0,0,0,0,0,0,0,0,0,0,"factor in the COST of new infections, which will inevitably come if funding for treatment is cut","Complete"
3,NA,"2025-02-26 15:17:18",40,0,10,0,100,0,0,0,0,0,0,0,1,0,0,0,0,0,0,0,0,0,0,0,0,0,0,0,0,0,0,0,0,0,0,0,0,0,0,0,0,0,0,0,0,0,0,0,0,0,0,0,0,0,0,0,0,0,0,"","Complete"
4,NA,"2025-02-26 17:21:21",100,0,50,0,100,0,100,0,1,0,0,0,0,0,0,0,0,0,0,0,0,0,0,0,0,0,0,0,0,0,0,0,0,0,0,0,0,0,0,0,0,0,0,0,0,0,0,0,0,0,0,0,0,0,0,0,0,0,0,"","Complete"
5,NA,"2025-02-26 18:14:15",100,0,40,0,60,0,20,0,0,0,0,0,1,0,0,0,0,0,0,0,0,0,0,0,0,0,0,0,0,0,0,0,0,0,0,0,0,0,0,0,0,0,0,0,0,0,0,0,0,0,0,0,0,0,0,0,0,0,0,"I think its clear we will have HIV outbreaks across the U.S. in multiple populations, healthcare costs will rise and people will die including children, actors, athletes, politicians and more. ","Complete"
6,NA,"2025-02-26 18:18:07",50,0,100,0,50,0,25,0,0,0,0,0,0,0,0,0,0,0,0,0,0,0,0,0,0,0,0,0,1,0,0,0,0,0,0,0,0,0,0,0,0,0,0,0,0,0,0,0,0,0,0,0,0,0,0,0,0,0,0,"","Complete"
7,NA,"2025-02-26 18:18:57",80,0,20,0,20,0,5,0,0,0,0,0,0,0,0,0,0,0,0,0,0,0,0,0,0,0,0,0,1,0,0,0,0,0,0,0,0,0,0,0,0,0,0,0,0,0,0,0,0,0,0,0,0,0,0,0,0,0,0,"","Complete"
8,NA,"2025-02-26 19:28:22",60,0,65,0,75,0,40,0,1,0,0,0,0,0,0,0,0,0,0,0,0,0,0,0,0,0,0,0,0,0,0,0,0,0,0,0,0,0,0,0,0,0,0,0,0,0,0,0,0,0,0,0,0,0,0,0,0,0,0,"","Complete"
9,NA,"2025-02-26 20:51:03",25,0,10,0,5,0,35,0,0,0,0,0,0,0,0,0,0,0,0,0,0,0,0,0,0,0,0,0,0,0,0,0,0,0,0,0,0,0,0,0,0,1,0,0,0,0,0,0,0,0,0,0,0,0,1,0,0,0,0,"","Complete"
10,NA,"2025-02-26 22:30:47",60,0,50,0,40,0,15,0,0,0,0,0,0,0,0,0,0,1,0,0,0,0,0,0,0,0,0,0,0,0,0,0,0,0,0,0,0,0,0,0,0,0,0,0,0,0,0,0,0,0,0,0,0,0,0,0,0,0,0,"","Complete"
11,NA,"2025-02-27 08:16:33",100,0,30,0,0,0,5,0,0,0,0,0,0,0,0,0,0,0,0,0,0,0,0,0,0,0,0,0,0,0,0,0,1,0,0,0,0,0,0,0,0,0,0,0,0,0,0,0,0,0,1,0,0,0,0,0,0,0,0,"ADAP is crucial. It might be feasible for ADAP to do selective drug approvals which might reduce costs a little.","Complete"
12,NA,"2025-02-27 08:57:00",50,0,20,0,80,0,10,0,0,0,0,0,0,0,0,0,0,0,0,0,0,0,0,0,0,0,0,0,1,0,0,0,0,0,0,0,0,0,0,0,0,0,0,0,0,0,0,0,0,0,0,0,0,0,0,0,0,0,0,"Vast majority of patients living under 500%FPL live month to month and will not be able to choose medication over other basic needs. ","Complete"
13,NA,"2025-02-27 09:51:53",22,0,76,0,2,0,43,0,0,0,0,0,0,0,0,0,0,0,0,0,0,0,0,0,0,0,1,0,0,0,0,0,0,0,0,0,0,0,0,0,0,0,0,0,0,0,0,0,0,0,0,0,0,0,0,0,0,0,0,"Currently our clinic is at 90% viral suppression. It has been proven over time that viral suppression rates for RW clinics are higher than non RW clients.  There are so many aspects that work toward keeping our patients virally suppressed...it truly takes a village.  Our patients will not receive one on one care like they do in a RW clinic in the outside medical clinics.","Complete"
14,NA,"2025-02-27 10:11:14",95,0,50,0,25,0,50,0,0,0,0,0,0,0,0,0,0,0,0,0,0,0,0,0,0,0,0,0,0,0,0,0,0,0,0,0,0,0,0,0,0,1,0,0,0,0,0,0,0,0,0,0,0,0,0,0,0,0,0,"Ryan White funded programs are more than the sum of their parts. Each funding line provides inestimable benefit, but in the aggregate they represent a vote of confidence in the patient and a critical intervention for public health. Being able to say ""yes, let's address that"" (from nutrition to mental health to substance abuse recovery to transportation to MCM) is such a strong demonstration of faith in the person and partnership with them in approaching better health.","Complete"
15,NA,"2025-02-27 10:27:08",100,0,100,0,95,0,100,0,0,0,0,0,0,0,0,0,0,0,0,0,0,0,0,0,0,0,0,0,0,0,0,0,0,0,0,0,0,0,0,0,0,0,0,0,0,0,0,0,0,0,1,0,0,0,0,0,0,0,0,"If our organization were to lose funding from Ryan White, rural areas in Tennessee would lack support for their HIV care. We are the sole provider serving the rural regions of middle Tennessee, which encompasses 13 counties that would otherwise have no access to their necessary medications. This could lead to a resurgence of AIDS, resulting in severe health consequences for individuals in these communities.","Complete"
16,NA,"2025-02-27 10:34:33",NA,1,NA,1,30,0,10,0,0,0,0,0,0,0,0,0,0,0,0,0,0,0,0,0,0,0,1,0,0,0,0,0,0,0,0,0,0,0,0,0,0,0,0,0,0,0,0,0,0,0,0,0,0,0,0,0,0,0,0,"Viral suppression is so much easier to achieve now from a medical standpoint -- it would be shockingly wasteful to allow even a small number of patients to suffer from advanced HIV (AIDS) or pass the infection on to others when effective therapy is available!","Complete"
17,NA,"2025-02-27 10:37:32",20,0,100,0,15,0,15,0,0,0,0,0,0,0,0,0,0,0,0,0,0,0,0,0,0,0,1,0,0,0,0,0,0,0,0,0,0,0,0,0,0,0,0,0,0,0,0,0,0,0,0,0,0,0,0,0,0,0,0,"We must be cognizant of the fact that Ryan White funding cuts will not come uncoupled from cuts to Medicare, Medicaid, the ACA, HOPWA, and many other programs that support people living with HIV. Without many of these supports, even maintaining Ryan White funding will not be enough to sustain and continue the gains that we've made in the HIV epidemic. ","Complete"
18,NA,"2025-02-27 11:08:44",100,0,50,0,25,0,75,0,1,0,0,0,0,0,0,0,0,0,0,0,0,0,0,0,0,0,0,0,0,0,0,0,1,0,0,0,0,0,0,0,0,0,0,0,0,0,0,0,0,0,0,0,0,0,0,0,0,0,0,"PLWH who receive care through the Ryan White program experience a 90% viral suppression rate, compared to just 65% for those who seek care elsewhere. Reductions in funding for these essential services could limit access to vital programs like ADAP, OAHS, and other supportive services, leading to a dramatic drop in viral suppression rates while also having broader public health consequences, including increased transmission rates and worsened health disparities, ultimately reversing years of progress in controlling the HIV epidemic. ","Complete"
19,NA,"2025-02-27 11:31:09",85,0,45,0,10,0,95,0,0,0,0,0,0,0,0,0,0,0,0,0,0,0,0,0,0,0,0,0,0,0,0,0,1,0,0,0,0,0,0,0,0,0,0,0,0,0,0,0,0,0,0,0,0,0,0,0,0,0,0,"N/A","Complete"
20,NA,"2025-02-27 11:45:07",30,0,15,0,NA,1,10,0,0,0,0,0,0,0,0,0,0,0,0,0,0,0,0,0,0,0,0,0,0,1,0,0,0,0,0,0,0,0,0,0,0,0,0,0,0,0,0,0,0,0,0,0,0,0,0,0,0,0,0,"I think we should take into account that Medical Case Management (MCM) is funded by Ryan White. MCM assist patients connect with support services such as housing, food security, and psychosocial support services for patients at risk of falling out of care. Not only would these patients be at risk for becoming virally unsuppressed but they also are at risk of losing housing and other support/navigation services. ","Complete"
21,NA,"2025-02-27 11:58:09",95,0,75,0,75,0,5,0,0,0,0,0,0,0,0,0,0,0,0,0,0,0,0,0,0,0,1,0,0,0,0,0,0,0,0,0,0,0,0,0,0,0,0,0,0,0,0,0,0,0,0,0,0,0,0,0,0,0,0,"","Complete"
22,NA,"2025-02-27 13:24:35",43,0,97,0,100,0,5,0,0,0,0,1,0,0,0,0,0,0,0,0,0,0,0,0,0,0,0,0,0,0,0,0,1,0,0,0,0,0,0,0,0,0,0,0,0,0,0,0,0,0,1,0,0,0,0,0,0,0,0,"When cutting Ryan White services, important irreplaceable staff roles would disappear leaving a tremendous gap in meeting the needs of the HIV community.  This work requires highly trained providers, case managers, and support staff. ","Complete"
23,NA,"2025-02-27 13:59:14",20,0,NA,1,5,0,0,0,0,0,0,0,0,0,0,0,0,0,0,0,0,0,0,0,0,0,0,0,0,0,0,0,0,0,0,0,0,0,0,0,0,0,0,0,0,0,0,0,0,0,0,0,0,0,0,1,0,0,0,"Guess based on maintaining Medicaid expansion. The estimated percentages will/would be worse with cuts to Medicaid. Current VS in the region is between 70% for the most vulnerable and 95% for RWPA clients.  These estimates are based on those data.","Complete"
24,NA,"2025-02-27 14:07:12",75,0,60,0,75,0,0,0,0,0,0,0,0,0,0,0,1,0,0,0,0,0,0,0,0,0,0,0,0,0,0,0,0,0,0,0,0,0,0,0,0,0,0,0,0,0,0,0,0,0,0,0,0,0,0,0,0,0,0,"","Complete"
25,NA,"2025-02-27 14:13:01",NA,1,NA,1,100,0,0,0,0,0,0,0,0,0,0,0,0,0,0,0,0,0,0,0,0,0,1,0,0,0,0,0,0,0,0,0,0,0,0,0,0,0,0,0,0,0,0,0,0,0,0,0,0,0,0,0,0,0,0,"","Complete"
26,NA,"2025-02-27 14:36:47",75,0,50,0,90,0,NA,1,0,0,0,0,0,0,0,0,0,0,0,0,0,0,0,0,0,0,1,0,0,0,0,0,0,0,0,0,0,0,0,0,0,0,0,0,0,0,0,0,0,0,0,0,0,0,0,0,0,0,0,"","Complete"
27,NA,"2025-02-27 15:47:43",49,0,51,0,0.5,0,39,0,1,0,0,0,0,0,0,0,0,0,0,0,0,0,0,0,0,0,0,0,0,0,0,0,0,0,0,0,0,0,0,0,0,0,0,0,0,0,0,0,0,0,0,0,0,0,0,0,0,0,0,"","Complete"
28,NA,"2025-02-27 16:08:06",22,0,76,0,2,0,43,0,0,0,0,0,0,0,0,0,0,0,0,0,0,0,0,0,0,0,1,0,0,0,0,0,0,0,0,0,0,0,0,0,0,0,0,0,0,0,0,0,0,0,0,0,0,0,0,0,0,0,0,"A significant rise in HIV and AIDS later on should be expected with funding cuts. Ryan white funding equals access to care for HIV and treatment equals prevention.","Complete"
29,NA,"2025-02-28 10:38:39",NA,1,40,0,80,0,1,0,0,0,0,0,0,0,0,0,0,0,0,0,0,0,0,0,0,0,0,0,1,0,0,0,0,0,0,0,0,0,0,0,0,0,0,0,0,0,0,0,0,0,0,0,0,0,0,0,0,0,0,"The wrap around services provided by Ryan White funds is critical in achieving and maintaining VL suppression.  In Maryland, those in RW programs have 90% suppression compared to 60% of those who do not.  If anything, we need more resources to get to the 95% benchmark as those are the most difficult clients to reach.","Complete"
30,NA,"2025-02-28 10:47:16",NA,1,NA,1,NA,1,90,0,1,0,0,0,0,0,0,0,0,0,0,0,0,0,0,0,0,0,0,0,0,0,0,0,0,0,0,0,0,0,0,0,0,0,0,0,0,0,0,0,0,0,0,0,0,0,0,0,0,0,0,"","Complete"
31,NA,"2025-02-28 14:56:34",100,0,100,0,0,0,80,0,1,0,0,0,0,0,0,0,0,0,0,0,0,0,0,0,0,0,0,0,0,0,0,0,0,0,0,0,0,0,0,0,0,0,0,0,0,0,0,0,0,0,0,0,0,0,0,0,0,0,0,"","Complete"
32,NA,"2025-02-28 18:28:10",50,0,25,0,10,0,10,0,0,0,0,0,0,0,0,0,0,0,0,0,0,0,0,0,0,0,0,0,0,1,0,0,0,0,0,0,0,0,0,0,0,0,0,0,0,0,0,0,0,0,0,0,0,0,0,0,0,0,0,"","Complete"
33,NA,"2025-03-02 17:40:04",25,0,33,0,25,0,15,0,0,0,0,0,0,0,0,0,0,0,0,0,0,1,0,0,0,0,0,0,0,0,0,0,0,1,0,0,0,0,0,0,0,0,0,0,0,0,0,0,0,0,0,0,0,0,0,0,0,0,0,"this is very difficult to guess.  we have a in clinic pharmacy which gets some 340B funding.  we would be able to enroll most on Gilead and other insurance plans patient assistance programs to keep them on meds.  the unknown is how much our 340B could continue to support their medical visits, lab testing, transportation, etc.","Complete"
34,NA,"2025-03-03 10:56:40",80,0,25,0,95,0,100,0,1,0,0,0,0,0,0,0,0,0,0,0,0,0,0,0,0,0,0,0,0,0,0,0,0,0,0,0,0,0,0,0,0,0,0,0,0,0,0,0,0,0,0,0,0,0,0,0,0,0,0,"","Complete"
35,NA,"2025-03-03 11:53:19",75,0,50,0,50,0,90,0,0,0,0,0,0,0,0,0,0,0,0,0,0,0,0,0,0,0,1,0,0,0,0,0,1,0,0,0,0,0,0,0,0,0,0,0,0,0,0,0,0,0,0,0,0,0,0,0,0,0,0,"","Complete"
36,NA,"2025-03-03 12:51:33",90,0,10,0,10,0,75,0,0,0,0,0,0,0,0,0,0,0,0,0,0,0,0,0,0,0,1,0,0,0,0,0,0,0,0,0,0,0,0,0,0,0,0,0,0,0,0,0,0,0,0,0,0,0,0,0,0,0,0,"insurance companies will probably end thier support   of programs that cover copays and drugs","Complete"
37,NA,"2025-03-04 09:11:26",75,0,50,0,5,0,20,0,0,0,0,0,0,0,0,0,0,0,0,0,0,0,0,0,0,0,0,0,0,0,0,0,0,0,0,0,0,0,0,0,0,0,0,0,0,0,0,0,1,0,0,0,0,0,0,0,0,0,0,"There's a very small percentage <5% that would be able to afford doctor visits and ART medications each month indefinitely.  Only those eligible for Medicaid MAY be able to maintain care and treatment, but they must be disabled to have Medicaid in SC.  Losing RW funding in ANY capacity would be devastating!","Complete"
38,NA,"2025-03-04 21:51:01",90,0,70,0,50,0,30,0,0,0,0,0,0,0,0,0,0,0,0,0,0,0,1,0,0,0,0,0,0,0,0,0,0,0,0,0,0,0,0,0,0,0,0,0,0,0,0,0,0,0,0,0,0,0,0,0,0,0,0,"","Complete"
39,NA,"2025-03-05 09:32:16",65,0,60,0,75,0,90,0,0,0,0,0,0,0,0,0,0,0,0,0,0,0,0,0,0,0,0,0,0,0,0,0,1,0,0,0,0,0,0,0,0,0,0,0,0,0,0,0,0,0,0,0,0,0,0,0,0,0,0,"Any funding cuts to Ryan White Programs would be devastating or catastrophic to the lives of those living with HIV. There will be a marked increase in the number of newly diagnosed HIV cases due to viral suppression not being maintained. ","Complete"
40,NA,"2025-03-05 10:55:00",46,0,94.5,0,5.5,0,100,0,1,0,0,0,0,0,0,0,0,1,1,0,0,0,0,0,0,0,1,0,0,0,0,0,0,0,0,0,0,0,0,0,0,0,0,0,0,0,0,0,0,0,1,1,0,0,0,0,0,0,0,"","Complete"
41,NA,"2025-03-05 13:38:44",30,0,30,0,10,0,90,0,0,0,0,0,0,0,0,0,0,0,0,0,0,0,0,0,0,0,0,0,0,0,0,0,0,0,0,0,0,0,0,0,0,1,0,0,0,0,0,0,0,0,0,0,0,0,0,0,0,0,0,"","Complete"
42,NA,"2025-03-05 20:54:32",30,0,25,0,15,0,40,0,0,0,0,0,0,0,0,0,0,0,0,0,0,0,0,0,0,0,0,0,0,0,0,0,0,0,0,0,0,0,0,0,0,0,0,0,0,0,0,0,0,0,1,0,0,0,0,0,0,0,0,"Ryan White-funded clinics use funds for staffing. Loss of funding would mean loss of staff critical for linkage and retention. Loss of staff alone would lead to a significant percentage of patients falling out of care.","Complete"
43,NA,"2025-03-05 21:11:51",85,0,50,0,25,0,25,0,0,0,0,0,0,0,0,0,0,0,0,0,0,0,0,0,0,0,1,0,0,0,0,0,0,0,0,0,0,0,0,0,0,0,0,0,0,0,0,0,0,0,0,0,0,0,0,0,0,0,0,"We still have high rates of newly diagnosed and already have shortages of providers and appointments.  Less grants funds would result in less providers and support providers (SW and navigators) resulting in more missed appointments, more missed appointments and longer wait times for new and out of care patients resulting in longer time with elevated VL and transmission.","Complete"
44,NA,"2025-03-05 21:16:28",40,0,25,0,20,0,10,0,0,0,0,0,0,0,0,0,0,0,0,0,0,0,0,0,0,0,0,0,0,0,0,0,0,0,0,0,0,0,0,0,0,0,0,1,0,0,0,0,0,0,0,0,0,0,0,0,0,0,0,"my ADAP estimate is challenging as some are getting their insurance from ADAP. If just meds, some could use copay cards for their ART. Made my best guess:)","Complete"
45,NA,"2025-03-06 07:16:01",75,0,NA,1,30,0,25,0,0,0,0,0,0,0,0,0,0,0,0,0,0,0,1,0,0,0,0,0,0,0,0,0,0,0,0,0,0,0,0,0,0,0,0,0,0,0,0,0,0,0,0,0,0,0,0,0,0,0,0,"Many patients will only be able to access to HIV care from Emergency rooms when their symptoms require emergent care. The cost of reactive rather than proactive care will be exponentially higher and will overburden health systems and cost tax payers dramatically more while simultaneously increasing new incidence of HIV infection as community Viral load suppression drops.  ","Complete"
46,NA,"2025-03-06 15:15:26",20,0,60,0,20,0,100,0,0,0,0,0,0,0,0,0,0,0,0,0,0,0,0,0,0,0,1,0,0,0,0,0,0,0,0,0,0,0,0,0,0,0,0,0,0,0,0,0,0,0,0,0,0,0,0,0,0,0,0,"Critical Access Hospital in a rural area where patients have very little income and transportation.","Complete"
47,NA,"2025-03-06 15:17:56",20,0,60,0,20,0,100,0,0,0,0,0,0,0,0,0,0,0,0,0,0,0,0,0,0,0,1,0,0,0,0,0,0,0,0,0,0,0,0,0,0,0,0,0,0,0,0,0,0,0,0,0,0,0,0,0,0,0,0,"We are a Critical Access in a very rural area. Most patients have no funding or transportation. Ending the Ryan White would impact our entire region. ","Complete"
48,NA,"2025-03-07 15:01:21",90,0,NA,1,10,0,5,0,0,0,0,0,0,0,0,0,0,0,0,0,0,0,0,0,0,0,0,0,1,0,0,0,0,0,0,0,0,0,0,0,0,0,0,0,0,0,0,0,0,0,0,0,0,0,0,0,1,0,0,"","Complete"
49,NA,"2025-03-07 15:11:02",75,0,25,0,25,0,1,0,0,0,0,0,0,0,0,0,0,0,0,0,0,0,0,0,0,0,0,0,0,0,0,0,0,0,0,0,0,0,0,0,1,0,0,0,0,0,0,0,0,0,0,0,0,0,0,0,0,0,0,"it would trigger a whole new epidemic","Complete"
50,NA,"2025-03-07 15:12:01",85,0,50,0,NA,1,50,0,0,0,0,1,0,0,0,0,0,0,0,0,0,0,0,0,0,0,0,0,0,0,0,0,0,0,0,0,0,0,0,0,0,0,0,0,0,0,0,0,0,0,0,0,0,0,0,0,0,0,0,"","Complete"
51,NA,"2025-03-07 15:12:14",70,0,50,0,90,0,NA,1,0,0,0,0,0,0,0,0,0,0,0,0,0,0,0,0,0,0,0,0,0,0,0,0,0,0,0,0,0,0,0,0,1,0,0,0,0,0,0,0,0,0,0,0,0,0,0,0,0,0,0,"","Complete"
52,NA,"2025-03-07 15:14:06",100,0,25,0,10,0,0,0,0,0,0,0,0,0,0,0,1,0,0,0,0,0,0,0,0,0,0,0,0,0,0,0,0,0,0,0,0,0,0,0,0,0,0,0,0,0,0,0,0,0,0,0,0,0,0,0,0,0,0,"","Complete"
53,NA,"2025-03-07 15:15:22",85,0,60,0,35,0,15,0,0,0,0,0,0,0,0,0,0,0,0,0,0,0,0,0,0,0,0,0,0,0,0,1,0,0,0,0,0,0,0,0,0,0,0,0,0,0,0,0,0,0,0,0,0,0,0,0,0,0,0,"Using our 340b pharmacy, I am able to come up with relatively affordable non-integrase based regimens but these are know to be associated with worse outcomes. So, of the ADAP patients that are able to afford second line generic regimens, quality of life would decrease. ","Complete"
54,NA,"2025-03-07 15:15:44",70,0,60,0,60,0,10,0,0,0,0,0,0,0,0,0,0,0,0,0,0,0,0,0,0,0,0,0,0,0,0,0,0,0,0,0,0,0,0,0,1,0,0,0,0,0,0,0,0,0,0,0,0,0,0,0,0,0,0,"Cuts in Ryan White grant would significantly impact viral suppression rates and increase HIV burden ( hospital admission rates)","Complete"
55,NA,"2025-03-07 15:17:53",25,0,50,0,10,0,20,0,0,0,0,0,0,0,0,0,0,0,0,0,0,0,0,0,0,0,0,0,0,0,0,0,0,0,0,0,0,0,0,0,0,0,0,0,0,0,0,0,0,0,0,0,0,0,0,0,0,0,0,"It will be a real mess and will probably go back to what it was like it the 80s as far as HIV care ","Complete"
56,NA,"2025-03-07 15:22:18",90,0,NA,1,NA,1,NA,1,0,0,0,0,0,0,0,0,0,0,0,0,0,0,0,0,0,0,0,0,0,0,0,0,0,1,0,0,0,0,0,0,0,0,0,0,0,0,0,0,0,0,0,0,0,0,0,0,0,0,0,"","Complete"
57,NA,"2025-03-07 15:23:13",100,0,80,0,15,0,NA,1,0,0,0,0,0,0,0,0,0,0,1,0,0,0,0,0,0,0,0,0,0,0,0,0,0,0,0,0,0,0,0,0,0,0,0,0,0,0,0,0,0,0,0,0,0,0,0,0,0,0,0,"The cost savings from RW program due to limiting new infections, preventing complications leading to hospitalizations is tremendous","Complete"
58,NA,"2025-03-07 15:24:59",80,0,20,0,20,0,30,0,0,0,0,0,1,0,0,0,0,0,0,0,0,0,0,0,0,0,0,0,0,0,0,0,0,0,0,0,0,0,0,0,0,0,0,0,0,0,0,0,0,0,0,0,0,0,0,0,0,0,0,"","Complete"
59,NA,"2025-03-07 15:27:28",100,0,100,0,100,0,NA,1,0,0,0,0,0,0,0,0,0,0,0,0,0,0,0,0,0,0,0,0,0,1,0,0,0,0,0,0,0,0,0,0,0,0,0,0,0,0,0,0,0,0,0,0,0,0,0,0,0,0,0,"","Complete"
60,NA,"2025-03-07 15:30:01",90,0,100,0,90,0,NA,1,0,0,0,0,0,0,0,0,0,0,0,0,0,0,0,0,0,0,0,0,0,0,0,0,0,0,0,0,0,0,0,0,0,0,0,0,0,0,0,0,0,0,0,1,0,0,0,0,0,0,0,"","Complete"
61,NA,"2025-03-07 15:31:05",90,0,50,0,NA,1,20,0,0,0,0,0,0,0,0,0,0,0,0,0,0,0,0,0,0,0,0,0,0,0,0,0,0,0,0,0,0,0,0,0,0,0,0,0,0,0,0,1,0,0,0,0,0,0,0,0,0,0,0,"","Complete"
62,NA,"2025-03-07 15:31:43",55,0,25,0,20,0,80,0,0,0,0,0,0,0,0,0,0,0,0,0,0,0,0,0,0,0,0,0,0,0,0,0,0,0,0,0,0,0,0,0,0,0,0,0,0,0,0,0,1,0,0,0,0,0,0,0,0,0,0,"","Complete"
63,NA,"2025-03-07 15:45:34",100,0,100,0,100,0,10,0,0,0,0,0,0,0,0,0,0,1,0,0,0,0,0,0,0,0,0,0,0,0,0,0,0,0,0,0,0,0,0,0,0,0,0,0,0,0,0,0,0,0,0,0,0,0,0,0,0,0,0,"","Complete"
64,NA,"2025-03-07 15:45:37",80,0,80,0,80,0,40,0,0,0,0,0,0,0,0,0,0,0,0,0,0,0,0,0,0,0,0,0,0,0,0,0,0,0,0,0,0,0,0,0,0,0,0,0,0,0,0,0,1,0,0,0,0,0,0,0,0,0,0,"","Complete"
65,NA,"2025-03-07 15:47:04",100,0,50,0,30,0,51,0,1,0,0,0,0,0,0,0,0,0,0,0,0,0,0,0,0,0,0,0,0,0,0,0,0,0,0,0,0,0,0,0,0,0,0,0,0,0,0,0,0,0,0,0,0,0,0,0,0,0,0,"The negative impact on the public health and safety of the community at large. Patients and the community depend on Ryan White funding tremendously to decrease the effects of HIV/AIDS. ","Complete"
66,NA,"2025-03-07 15:48:51",100,0,50,0,50,0,0,0,0,0,0,0,0,0,0,0,0,0,0,0,0,0,0,0,0,0,0,0,0,0,0,0,0,0,0,0,0,0,0,0,0,0,0,1,0,0,0,0,0,0,0,0,0,0,0,0,0,0,0,"","Complete"
67,NA,"2025-03-07 15:58:36",40,0,NA,1,40,0,20,0,0,0,0,0,0,0,0,0,0,0,0,0,0,1,0,0,0,0,0,0,0,0,0,0,0,1,0,0,0,0,0,0,0,0,0,0,0,0,0,0,0,0,0,0,0,0,0,0,0,0,0,"","Complete"
68,NA,"2025-03-07 16:04:42",50,0,25,0,25,0,25,0,0,0,0,0,0,0,0,0,0,0,0,0,0,1,0,0,0,0,0,0,0,0,0,0,0,0,0,0,0,0,0,0,0,0,0,0,0,0,0,0,0,0,0,0,0,0,0,0,0,1,0,"","Complete"
69,NA,"2025-03-07 16:09:53",75,0,60,0,25,0,5,0,0,0,0,0,0,0,0,0,0,1,0,0,0,0,0,0,0,0,0,0,0,0,0,0,0,0,0,0,0,0,0,0,0,0,0,0,0,0,0,0,0,0,0,0,0,0,0,0,0,0,0,"","Complete"
70,NA,"2025-03-07 16:10:44",80,0,20,0,NA,1,10,0,0,0,0,0,0,0,0,0,0,0,0,0,0,0,1,0,0,1,0,0,0,0,0,0,0,0,0,0,0,0,0,0,0,0,0,0,0,0,0,0,0,0,0,0,0,0,0,0,0,0,0,"","Complete"
71,NA,"2025-03-07 16:15:44",85,0,NA,1,NA,1,5,0,0,0,0,0,1,0,0,0,0,0,0,0,0,0,0,0,0,0,0,0,0,0,0,0,0,0,0,0,0,0,0,0,0,0,0,0,0,0,0,0,0,0,0,0,0,0,0,0,0,0,0,"many of the clients we see are transgender and others are individuals born outside the US","Complete"
72,NA,"2025-03-07 16:16:16",40,0,60,0,0,0,0,0,0,0,0,0,0,0,0,0,0,0,0,0,0,0,0,0,0,0,0,0,0,0,1,0,0,0,0,0,0,0,0,0,0,0,0,0,0,0,0,0,0,0,0,0,0,0,0,0,0,0,0,"Our entire clinic is predicated on Ryan White funding.  Were we to have to depend solely on income coming from patient visits, it would not fully cover our rent, let alone provider and support service time.  In short, significant funding cuts, would close our clinic.  It's hard to account for that in these numbers.","Complete"
73,NA,"2025-03-07 16:17:16",75,0,20,0,5,0,65,0,0,0,0,0,0,0,0,0,0,0,0,0,0,0,0,0,0,0,0,0,0,0,0,0,0,0,0,0,0,0,0,0,0,0,0,0,0,0,0,0,1,0,0,0,0,0,0,0,0,0,0,"","Complete"
74,NA,"2025-03-07 16:18:28",20,0,25,0,25,0,0,0,0,0,0,0,0,0,0,0,0,0,0,0,0,0,0,0,0,0,0,0,0,0,0,0,0,0,0,0,0,0,0,0,1,0,0,0,0,0,0,0,0,0,0,0,0,0,0,0,0,0,0,"What percentage of RW patients have medicaid (assuming we don't lose medicaid) and will be able to continue getting scripts filled and hopefully seeing providers","Complete"
75,NA,"2025-03-07 16:33:10",100,0,NA,1,NA,1,30,0,0,0,0,0,0,0,0,0,0,0,0,0,0,0,0,0,0,0,0,0,0,0,0,0,0,0,0,0,0,0,0,0,0,0,0,0,0,0,0,0,0,0,1,0,0,0,0,0,0,0,0,"","Complete"
76,NA,"2025-03-07 16:34:03",75,0,25,0,25,0,2,0,0,0,0,0,0,0,0,0,0,0,0,0,0,0,0,0,0,0,0,0,0,0,0,0,0,0,0,0,0,0,0,0,0,0,0,0,0,0,1,0,0,0,0,0,0,0,0,0,0,0,0,"It would be disastrous to all of us!","Complete"
77,NA,"2025-03-07 16:36:33",50,0,40,0,10,0,3,0,0,0,0,0,0,0,0,0,0,0,0,0,0,0,0,0,0,0,0,0,0,0,0,0,0,0,0,0,0,0,1,0,0,0,0,0,0,0,0,0,0,0,0,0,0,0,0,0,0,0,0,"Ryan white programs have the highest viral suppression rates due to the comprehensive approach, taken by healthcare providers, nurses, case, managers, community health, workers. Cuts in Ryan White funding would dramatically impact rates of HIV biologic control and would result in increased transmission and mortality.","Complete"
78,NA,"2025-03-07 16:38:01",100,0,NA,1,50,0,90,0,0,0,0,0,0,0,0,0,0,0,0,0,0,0,0,0,0,0,0,0,0,0,0,0,0,0,0,0,0,0,0,0,0,0,0,0,0,0,1,0,0,0,0,0,0,0,0,0,0,0,0,"","Complete"
79,NA,"2025-03-07 16:39:16",10,0,10,0,75,0,5,0,0,0,0,1,0,0,0,0,0,0,0,0,0,0,0,0,0,0,0,0,0,0,0,0,1,0,0,0,0,0,0,0,0,0,0,0,0,0,0,0,0,0,1,0,0,0,0,0,0,0,0,"Assistance with costs of medical care and medications is low because we are an adolescent clinic. Our patients require these services as they transition to adult healthcare and are no longer eligible for Medicaid","Complete"
80,NA,"2025-03-07 16:49:35",100,0,70,0,NA,1,65,0,0,0,0,1,0,0,0,0,0,0,0,0,0,0,0,0,0,0,0,0,0,0,0,0,0,0,0,0,0,0,0,0,0,0,0,0,0,0,0,0,0,0,0,0,0,0,0,0,0,0,0,"","Complete"
81,NA,"2025-03-07 16:50:53",75,0,75,0,NA,1,100,0,0,0,0,0,0,0,0,0,0,0,0,0,0,0,0,0,0,0,0,0,0,0,0,0,0,0,0,0,0,0,0,0,1,0,0,0,0,0,0,0,0,0,0,0,0,0,0,0,0,0,0,"","Complete"
82,NA,"2025-03-07 16:53:01",100,0,70,0,25,0,30,0,0,0,0,0,0,0,0,0,0,0,0,0,0,0,0,0,0,0,0,0,0,0,0,0,0,0,0,0,1,0,0,0,0,0,0,0,0,0,0,0,0,0,0,0,0,0,0,0,0,0,0,"This would be a tragedy and undo so many years of work.   ","Complete"
83,NA,"2025-03-07 16:58:31",15,0,65,0,20,0,2,0,0,0,0,0,0,0,1,0,0,0,0,0,0,0,0,0,0,0,0,0,0,0,0,0,0,0,0,0,0,0,0,0,0,0,0,0,0,0,0,0,0,0,0,0,0,0,0,0,0,0,0,"","Complete"
84,NA,"2025-03-07 17:00:11",90,0,NA,1,NA,1,50,0,0,0,0,0,0,0,0,0,0,0,0,0,0,0,0,0,0,0,0,0,0,0,0,0,1,0,0,0,0,0,0,0,0,0,0,0,0,0,0,0,0,0,0,0,0,0,0,0,0,0,0,"If most of my ADAP pts loose their benefits they simply will not be able to afford their meds","Complete"
85,NA,"2025-03-07 17:10:37",90,0,50,0,10,0,25,0,0,0,0,1,0,0,0,0,0,0,0,0,0,0,0,0,0,0,0,0,0,0,0,0,0,0,0,0,0,0,0,0,0,0,0,0,0,0,0,0,0,0,0,0,0,0,0,0,0,0,0,"","Complete"
86,NA,"2025-03-07 17:20:20",90,0,60,0,40,0,45,0,0,0,1,0,0,0,0,0,0,0,0,0,0,0,0,0,0,0,0,0,0,0,0,0,0,0,0,0,0,0,0,1,0,0,0,0,0,0,0,0,0,0,0,1,0,0,0,0,0,0,0,"","Complete"
87,NA,"2025-03-07 17:21:29",95,0,NA,1,NA,1,50,0,0,0,0,0,0,0,0,0,0,0,0,0,0,0,0,0,0,0,0,0,0,0,0,0,0,0,0,0,0,0,0,0,0,0,0,0,0,1,0,0,0,0,0,0,0,0,0,0,0,0,0,"","Complete"
88,NA,"2025-03-07 17:22:16",80,0,20,0,5,0,3,0,0,0,0,0,0,0,1,0,0,0,0,0,0,0,0,0,0,0,0,0,0,0,0,0,0,0,0,0,0,0,0,0,0,0,0,0,0,0,0,0,0,0,0,0,0,0,0,0,0,0,0,"","Complete"
89,NA,"2025-03-07 17:24:27",30,0,100,0,0,0,5,0,0,0,0,0,0,0,0,0,0,0,0,0,0,0,0,0,0,0,0,0,0,0,0,0,0,0,0,0,0,0,1,0,0,0,0,0,0,0,0,0,0,0,0,0,0,0,0,0,0,0,0,"Medicaid /340 B cuts would impact as well","Complete"
90,NA,"2025-03-07 17:35:39",15,0,75,0,20,0,0,0,0,0,0,0,0,0,0,0,0,0,0,0,0,0,0,0,0,0,0,0,0,0,0,0,0,0,0,0,0,0,0,0,0,0,0,0,0,0,1,0,0,0,0,0,0,0,0,0,0,0,0,"","Complete"
91,NA,"2025-03-07 17:37:20",NA,1,NA,1,NA,1,10,0,0,0,0,0,1,0,0,0,0,0,0,0,0,0,0,0,0,0,0,0,0,0,0,0,0,0,0,0,0,0,0,0,0,0,0,0,0,0,0,0,0,0,0,0,0,0,0,0,0,0,0,"Substance use services discontinuation may also result in ","Complete"
92,NA,"2025-03-07 18:00:45",50,0,5,0,5,0,2,0,0,0,0,0,0,0,0,0,0,0,0,0,0,0,0,0,0,0,0,0,0,0,0,0,0,0,0,0,0,0,0,0,0,0,0,0,0,0,0,0,0,0,0,0,0,0,1,0,0,0,0,"Cutting coverage for Ryan White clients would be disastrous.","Complete"
93,NA,"2025-03-07 18:03:33",95,0,95,0,80,0,30,0,0,0,0,0,0,0,0,0,0,0,1,0,0,0,0,0,0,0,0,0,0,0,0,0,0,0,0,0,0,0,0,0,0,0,0,0,0,0,0,0,0,0,0,0,0,0,0,0,0,0,0,"","Complete"
94,NA,"2025-03-07 18:13:48",40,0,NA,1,NA,1,0,0,0,0,0,0,0,0,0,0,0,0,0,0,0,0,0,0,0,0,0,0,0,0,0,0,0,0,0,0,0,0,0,0,1,0,0,0,0,0,0,0,0,0,0,0,0,0,0,0,0,0,0,"","Complete"
95,NA,"2025-03-07 18:44:37",85,0,10,0,5,0,0,0,0,0,0,0,0,0,0,0,0,0,0,0,0,0,0,0,0,0,0,0,0,0,0,0,0,0,0,0,0,0,0,0,1,0,0,0,0,0,0,0,0,0,0,0,0,0,0,0,0,0,0,"","Complete"
96,NA,"2025-03-07 19:02:20",60,0,0,0,40,0,20,0,0,0,0,0,0,0,0,0,0,0,0,0,0,0,0,0,0,0,0,0,0,0,0,0,0,0,0,0,0,0,0,0,0,0,0,1,0,0,1,0,0,0,0,0,0,0,0,0,1,0,0,"","Complete"
97,NA,"2025-03-07 19:02:27",50,0,25,0,15,0,15,0,0,0,0,0,0,0,0,0,0,0,0,0,0,0,0,0,0,0,0,0,0,0,0,0,0,0,0,0,0,0,0,0,0,0,0,0,0,0,0,0,0,0,0,1,0,0,0,0,0,0,0,"","Complete"
98,NA,"2025-03-07 19:25:01",50,0,NA,1,NA,1,0,0,0,0,0,0,0,0,0,0,0,0,0,0,0,0,0,0,0,0,0,0,0,0,0,0,0,0,0,0,0,0,0,0,1,0,0,0,0,0,0,0,0,0,0,0,0,0,0,0,0,0,0,"","Complete"
99,NA,"2025-03-07 20:22:27",75,0,25,0,20,0,30,0,1,0,0,0,0,0,0,0,0,1,0,0,0,0,0,0,0,0,0,0,0,0,0,0,0,0,0,0,0,0,0,0,0,0,0,0,0,0,0,0,0,0,0,0,0,0,0,0,0,0,0,"Staff salaries. Workforce. Support services- case management, Housing, dental services, mental health services","Complete"
100,NA,"2025-03-07 20:29:56",100,0,100,0,35,0,0,0,0,0,0,0,1,0,0,0,0,0,0,0,0,0,0,0,0,0,0,0,0,0,0,0,0,0,0,0,0,0,0,0,0,0,0,0,0,0,0,0,0,0,0,0,0,0,0,0,0,0,0,"Patients who get OAHS typically rely on ADAP as well. Having hard time thinking of longterm OAHS users who don't also need ADAP. ","Complete"
101,NA,"2025-03-07 20:33:36",80,0,50,0,30,0,NA,1,0,0,0,0,0,0,0,0,0,0,0,0,0,0,0,0,0,0,0,0,0,0,0,0,0,0,0,0,0,0,0,0,0,0,0,1,0,0,0,0,0,0,0,0,0,0,0,0,0,0,0,"","Complete"
102,NA,"2025-03-07 20:45:06",25,0,45,0,15,0,15,0,0,0,0,0,0,0,0,0,0,0,0,0,0,0,0,0,0,0,0,0,0,0,0,0,0,0,0,0,0,0,0,0,0,0,0,0,0,0,0,0,0,0,0,1,0,0,0,0,0,0,0,"","Complete"
103,NA,"2025-03-07 20:45:30",30,0,25,0,30,0,25,0,0,0,0,0,0,0,0,0,0,0,0,0,0,0,0,0,0,0,0,0,0,0,0,0,0,0,0,0,0,0,0,0,1,0,0,0,0,0,0,0,0,0,0,0,0,0,0,0,0,0,0,"I worry also about AETC funding and training for future providers as people retire, the care act is really the only program that supports marginalized PLWH in many states, states will not be able to take up the slack if the care act goes away. ","Complete"
104,NA,"2025-03-07 21:21:13",30,0,20,0,5,0,15,0,0,0,0,0,0,0,0,0,0,0,0,0,0,0,0,0,0,0,0,0,0,0,0,1,0,0,0,0,0,0,0,0,0,0,0,0,0,0,0,0,0,0,0,0,0,0,0,0,0,1,0,"further decrease access to LA-ART options","Complete"
105,NA,"2025-03-07 21:23:10",20,0,20,0,20,0,10,0,0,0,0,1,0,0,0,0,0,0,0,0,0,0,0,0,0,0,0,0,0,0,0,0,0,0,0,0,0,0,0,0,0,0,0,0,1,0,0,0,0,0,0,1,0,0,0,0,0,0,0,"Ryan white funds make it possible to take care of many of the hardest to treat patients. This group is also the most likely to intermittently lose viral suppression and to transmit virus to others. Many of these individuals are not people who will ""find another way"" to take care of themselves. However, with the kind of supportive evidenced based environment that Ryan White funded programs have developed, high levels of viral suppression are maintained and rates of new infections have begun to fall. It would be sad indeed to watch all that has built be destroyed. It is also sad to see a trend toward grabbing short term savings, when the long the term consequences will not only negate those savings, but also lead to devastating consequences on a human level. ","Complete"
106,NA,"2025-03-07 21:31:34",95,0,NA,1,NA,1,NA,1,0,0,0,0,0,0,0,0,1,0,0,0,0,0,0,0,0,0,0,0,0,0,0,0,0,0,0,0,0,0,0,0,0,0,0,0,0,0,0,0,0,0,0,0,0,0,0,0,0,0,0,"","Complete"
107,NA,"2025-03-07 21:42:33",NA,1,NA,1,NA,1,NA,1,0,0,0,0,0,0,0,0,1,0,0,0,0,0,0,0,0,0,0,0,0,0,0,0,0,0,0,0,0,0,0,0,0,0,0,0,0,0,0,0,0,0,0,0,0,0,0,0,0,0,0,"Due to I work at a federal facility, we do not use Ryan White however, it still may affect those in a discordant relationship as it relates to being virally suppress","Complete"
108,NA,"2025-03-08 00:43:58",10,0,70,0,20,0,10,0,0,0,0,0,1,0,0,0,0,0,0,0,0,0,0,0,0,0,0,0,0,0,0,0,0,0,0,0,0,0,0,0,0,0,0,0,0,0,0,0,0,0,0,0,0,0,0,0,0,0,0,"","Complete"
109,NA,"2025-03-08 00:54:18",100,0,70,0,60,0,5,0,0,0,0,0,0,0,0,0,0,1,0,0,0,0,0,0,0,0,0,0,0,0,0,0,0,0,0,0,0,0,0,0,0,0,0,0,0,0,0,0,0,0,0,0,0,0,0,0,0,0,0,"","Complete"
110,NA,"2025-03-08 00:58:28",100,0,70,0,70,0,0,0,0,0,0,0,1,0,0,0,0,0,0,0,0,0,0,0,0,0,0,0,0,0,0,0,0,0,0,0,0,0,0,0,0,0,0,0,0,0,0,0,0,0,0,0,0,0,0,0,0,0,0,"","Complete"
111,NA,"2025-03-08 08:00:34",75,0,65,0,NA,1,65,0,0,0,0,0,0,0,0,0,0,0,0,0,0,0,1,0,0,0,0,0,0,0,1,0,0,0,0,0,0,0,0,0,0,0,0,0,0,0,0,0,0,0,0,0,0,0,0,0,0,0,0,"We would have a massive increase in HIV transmission. It would be disastrous. I can for PLWH in Scott County IN- it would be another outbreak like this but all over the country. ","Complete"
112,NA,"2025-03-08 08:59:49",20,0,0,0,0,0,0,0,0,0,0,0,0,0,0,0,0,0,0,0,0,0,0,0,0,0,0,0,0,0,0,0,0,0,0,0,0,0,0,0,1,0,0,0,0,0,0,0,0,0,0,0,0,0,0,0,0,0,0,"","Complete"
113,NA,"2025-03-08 09:56:57",50,0,20,0,10,0,40,0,0,0,0,0,0,0,0,0,0,0,0,0,0,0,0,0,0,0,0,0,0,0,0,0,0,0,0,0,0,0,0,0,0,1,0,0,0,0,0,0,0,0,0,0,0,0,1,0,0,0,0,"The support services - patient navigation, social work, care coordinators,  transportation, housing support- are all critical to keeping people in care on meds.  Not simply prescribing and providing meds. The most vulnerable patients we serve will have the worst challenges with losing this system of care","Complete"
114,NA,"2025-03-08 13:12:31",75,0,50,0,25,0,10,0,0,0,0,0,0,0,0,0,0,1,0,0,0,0,0,0,0,0,0,0,0,0,0,0,0,0,0,0,0,0,0,0,0,0,0,0,0,0,0,0,0,0,0,0,0,0,0,0,0,0,0,"taking away from social services affects those who need those services as a function of remaining in care. For example, those who receive assistance through HOPWA and behavioral health services, require those services to stay houses and sober.  Without those services, their ability to focus on their medical care, viral suppression is significant affected and likely reduced.  ","Complete"
115,NA,"2025-03-08 14:30:35",100,0,NA,1,NA,1,0,0,0,0,0,0,0,0,0,0,0,1,0,0,0,0,0,0,0,0,0,0,0,0,0,0,0,0,0,0,0,0,0,0,0,0,0,0,0,0,0,0,0,0,0,0,0,0,0,0,0,0,0,"Ryan White provides a safety net for those who have no other options.","Complete"
116,NA,"2025-03-08 15:59:40",90,0,95,0,90,0,75,0,0,0,0,0,0,0,0,0,0,0,0,0,0,0,0,0,0,0,0,0,0,0,0,0,0,0,0,0,0,0,0,0,0,0,0,0,0,0,0,0,1,0,0,0,0,0,0,0,0,0,0,"","Complete"
117,NA,"2025-03-09 00:00:37",80,0,60,0,60,0,30,0,0,0,0,0,0,0,0,0,0,0,0,0,0,0,0,0,0,0,0,0,0,0,0,0,0,0,0,0,1,0,0,0,0,0,0,0,0,0,0,0,0,0,0,0,1,0,0,0,0,0,0,"Cuts to Ryan White will be devastating to viral suppression at an individual and population level.","Complete"
118,NA,"2025-03-09 13:21:44",NA,1,NA,1,NA,1,NA,1,0,0,0,0,0,0,0,0,0,0,0,0,0,0,0,0,0,0,0,0,0,0,0,0,0,0,0,0,0,0,0,0,0,0,0,0,0,0,0,0,0,0,0,1,0,0,0,0,0,0,0,"I understand and appreciate what you are trying to do but really cannot provide estimates. ","Complete"
119,NA,"2025-03-09 18:55:16",50,0,75,0,NA,1,15,0,0,0,0,0,1,0,0,0,0,0,0,0,0,0,0,0,0,0,0,0,0,0,0,0,0,0,0,0,0,0,0,0,0,0,0,0,0,0,0,0,0,0,0,0,0,0,0,0,0,0,0,"","Complete"
120,NA,"2025-03-09 21:40:40",50,0,30,0,30,0,25,0,0,0,0,0,0,0,0,0,0,0,0,0,0,0,0,0,0,0,0,0,0,0,0,0,0,0,0,0,0,0,0,0,0,1,0,0,0,0,0,0,1,0,0,0,0,0,0,0,0,0,0,"","Complete"
121,NA,"2025-03-10 02:46:42",20,0,20,0,10,0,75,0,0,0,0,0,0,0,0,0,0,0,0,0,1,0,0,0,0,0,0,0,0,0,0,0,0,0,0,0,0,0,0,0,0,0,0,0,0,0,0,0,0,0,0,0,0,0,0,0,0,0,0,"Of all the patients coming off ADAP, they would need to go on Pharmaceutical Assistance Programs, and I would imagine that the drug companies would prefer not to shift those costs back to them, and that they should support the ongoing activities of Ryan White.  ","Complete"
122,NA,"2025-03-10 07:31:46",100,0,70,0,50,0,20,0,0,0,0,0,0,0,1,0,0,0,0,0,0,0,0,0,0,0,0,0,0,0,0,0,0,0,0,0,0,0,0,0,0,0,0,0,0,0,0,0,0,0,0,0,0,0,0,0,0,0,0,"A considerable amount of jobs will be eliminated. Ryan White funding can impact those not directly funded, such as pharmacies filling prescriptions. ","Complete"
123,NA,"2025-03-10 08:41:27",75,0,40,0,90,0,50,0,0,0,0,0,0,0,0,0,0,0,0,0,0,0,0,0,0,1,0,0,0,0,0,0,0,0,0,0,0,0,0,0,0,0,0,0,0,0,0,0,0,0,0,0,0,0,0,0,0,0,0,"","Complete"
124,NA,"2025-03-10 08:48:33",NA,1,NA,1,NA,1,15,0,0,0,0,0,0,0,0,0,0,0,0,0,0,0,0,0,0,0,0,0,0,1,0,0,0,0,0,0,0,0,0,0,0,0,0,0,0,0,0,0,0,0,0,0,0,0,0,0,0,0,0,"","Complete"
125,NA,"2025-03-10 09:18:51",75,0,75,0,NA,1,50,0,0,0,0,0,0,0,0,0,0,0,0,0,0,0,0,0,0,0,0,0,0,0,0,0,0,0,0,0,0,0,0,0,0,0,0,0,0,0,1,0,0,0,0,0,0,0,0,0,0,0,0,"transportation services for medical appointments will be affected.  Case management services to help clients get to medical appointments will be affected.  Inability to receive injection ART medication administration and management will be affected.  Food insecurity will get worse.  Lack of getting secure housing will get worse.  Clients will not be able to afford HIV medications without Ryan White programs in place and efficiently running.  The PLWH health will regress and they will go from being virally suppressed to AIDS status and the increase in opportunistic infections will rise.  Mortality and morbidity rates will rise.  HIV transmission rates will greatly increase.","Complete"
126,NA,"2025-03-10 11:14:45",75,0,25,0,NA,1,27,0,0,0,0,0,0,0,0,0,0,0,0,0,0,0,0,0,0,0,0,0,0,0,0,0,0,0,0,0,0,0,0,0,0,0,0,0,0,0,0,0,0,0,0,1,0,0,0,0,0,0,0,"","Complete"
127,NA,"2025-03-10 11:37:57",75,0,90,0,NA,1,20,0,0,0,0,0,0,0,0,0,0,0,0,0,0,0,0,0,0,0,0,0,0,0,0,0,0,0,0,0,0,0,0,0,0,0,0,0,0,0,0,0,1,0,0,0,0,0,0,0,0,0,0,"Many patients remain compliant because they want other services like food, transportation, or housing assistance. If the incentives for staying in care are removed, I have no doubt you will see a rise in community cases. ","Complete"
128,NA,"2025-03-10 11:57:51",30,0,NA,1,65,0,65,0,0,0,0,1,0,0,0,0,0,0,0,0,0,0,0,0,0,0,0,0,0,0,0,0,0,0,0,0,0,0,0,0,0,0,0,0,0,0,0,0,0,0,0,0,0,0,0,0,0,0,0,"This would be disastrous for the community. We are already seeing an uptick in HIV infections. Cuts to the Ryan White program funding would increase HIV infections, increase patient's viral load via decreasing their access to care, and increase the overall cost that HIV contributes to the healthcare system. ","Complete"
129,NA,"2025-03-10 12:54:52",100,0,100,0,100,0,50,0,0,0,0,0,0,0,0,0,0,0,0,0,0,0,0,0,0,0,0,0,0,0,0,0,0,0,0,0,0,0,0,0,0,0,0,0,0,0,1,0,0,0,0,0,0,0,0,0,0,0,0,"","Complete"
130,NA,"2025-03-10 13:14:00",50,0,25,0,15,0,0,0,0,0,0,0,1,0,0,0,0,0,0,0,0,0,0,0,0,0,0,0,0,0,0,0,0,0,0,0,0,0,0,0,0,0,0,0,0,0,0,0,0,0,0,0,0,0,0,0,0,0,0,"Patients are expressing concern about losing insurance coverage.  We do not receive Ryan White funding to provide medical care.  All patients have insurance through ACA, medicare or medicaid.  Without Ryan White assistance, most of our patients cannot afford their antiretrovirals.   We heavily depend on 340B dollars to keep the light on.  ","Complete"
131,NA,"2025-03-10 13:23:24",50,0,20,0,20,0,80,0,0,0,0,0,0,0,0,0,0,0,0,0,0,0,0,0,0,0,0,0,0,0,0,0,0,0,0,0,0,0,0,0,1,0,0,0,0,0,0,0,0,0,0,0,0,0,0,0,0,0,0,"","Complete"
132,NA,"2025-03-10 14:00:21",50,0,20,0,30,0,0,0,0,0,0,0,1,0,0,0,0,0,0,0,0,0,0,0,0,0,0,0,0,0,0,0,0,0,0,0,0,0,0,0,0,0,0,0,0,0,0,0,0,0,0,0,0,0,0,0,0,0,0,"","Complete"
133,NA,"2025-03-10 15:53:49",10,0,20,0,20,0,45,0,0,1,0,0,0,0,0,0,0,0,0,0,0,0,0,0,0,0,0,0,0,0,0,0,0,0,0,0,0,0,0,0,0,0,0,0,0,0,0,0,0,0,0,0,0,0,0,0,0,0,0,"Many of our clients receiving care under Ryan White funded services benefit from the enhanced case management they receive through this program. If this goes away I suspect we would have a significant amount of clients not only with detected HIV viral loads but worsening of other chronic diseases as well and increased ER utilization, increased STIs, increased incarcerations, and increase in homelessness. ","Complete"
134,NA,"2025-03-10 15:56:04",80,0,NA,1,NA,1,25,0,0,0,0,0,0,0,0,0,0,0,0,0,0,0,0,0,0,0,0,1,0,0,0,0,0,0,0,0,0,0,0,0,0,0,0,0,0,0,0,0,0,0,0,0,0,0,0,0,0,0,0,"it would be devastating, both on an individual and public health level","Complete"
135,NA,"2025-03-10 16:36:53",75,0,NA,1,100,0,NA,1,0,0,0,0,0,0,0,0,0,0,0,0,0,0,0,0,0,0,0,0,0,0,0,0,0,0,0,0,0,0,0,0,0,0,0,0,0,0,1,0,0,0,0,0,0,0,0,0,0,0,0,"Ryan White removes other concerns that assist with patient care. Financial fear, food insecurity and home insecurity these are all barriers to care for patients.","Complete"
136,NA,"2025-03-10 17:42:46",95,0,70,0,30,0,20,0,0,0,0,0,0,0,0,0,0,0,0,0,0,0,1,0,0,1,0,0,0,0,1,0,0,0,0,0,0,0,0,0,0,0,0,1,0,0,0,0,0,0,0,0,0,0,0,0,1,0,0,"The Ryan White Program is critical to the success of USA control on HIV epidemic","Complete"
137,NA,"2025-03-10 19:21:11",90,0,NA,1,NA,1,5,0,0,0,0,0,1,0,0,0,0,0,0,0,0,0,0,0,0,0,0,0,0,0,0,0,0,0,0,0,0,0,0,0,0,0,0,0,0,0,0,0,0,0,0,0,0,0,0,0,0,0,0,"RWHAP also includes Part F, which encompasses the AETC Program.  If possible, would please consider the additional and compounding impacts of zeroing out Part F activities which are focused on ensuring that PWH receive appropriate care by sufficiently trained providers.  Thank you for this work!","Complete"
138,NA,"2025-03-11 00:40:36",20,0,0,0,10,0,5,0,0,0,0,0,1,0,0,0,0,0,0,0,0,0,0,0,0,0,0,0,0,0,0,0,0,0,0,0,0,0,0,0,0,0,0,0,0,0,0,0,0,0,0,0,0,0,0,0,0,0,0,"","Complete"
139,NA,"2025-03-11 06:09:51",40,0,50,0,10,0,40,0,0,0,0,0,0,0,0,0,0,0,0,0,0,0,0,0,0,0,0,0,0,0,0,0,0,0,0,0,0,0,0,0,0,0,0,0,0,0,0,0,0,0,0,0,0,0,1,0,0,0,0,"","Complete"
140,NA,"2025-03-11 06:16:40",40,0,40,0,NA,1,0,0,0,0,0,0,0,0,0,0,0,1,0,0,0,0,0,0,0,0,0,0,0,0,0,0,0,0,0,0,0,0,0,0,0,0,0,0,0,0,0,0,0,0,0,0,0,0,0,0,0,0,0,"housing, food, transportation -wrap around services","Complete"
141,NA,"2025-03-11 08:00:22",50,0,50,0,0,0,5,0,0,0,0,0,0,0,0,0,0,0,0,0,0,1,0,0,0,0,0,0,0,0,0,0,0,0,0,0,0,0,0,0,0,0,0,0,0,0,0,0,0,0,0,0,0,0,0,0,0,0,0,"Cuts would have a major detrimental impact to our patients--physically and mentally.","Complete"
142,NA,"2025-03-11 08:24:46",100,0,10,0,5,0,25,0,0,0,0,0,0,0,0,0,0,0,0,0,0,0,0,0,0,0,0,0,1,0,0,0,0,0,0,0,0,0,0,0,0,0,0,0,0,0,0,0,0,0,0,0,0,0,0,0,0,0,0,"","Complete"
143,NA,"2025-03-11 09:33:22",100,0,50,0,25,0,30,0,0,0,0,0,0,0,0,0,0,0,0,0,0,0,0,0,0,0,0,0,0,0,0,0,0,0,0,0,0,0,0,0,0,0,0,0,0,0,0,0,0,0,1,0,0,0,0,0,0,0,0,"Thank you so much for doing this. ","Complete"
144,NA,"2025-03-11 10:12:45",80,0,40,0,80,0,30,0,0,0,0,0,0,0,0,0,0,0,0,0,0,0,0,0,0,0,0,0,0,0,0,0,0,0,0,0,0,0,0,0,0,0,0,0,0,0,0,0,0,0,0,0,0,0,0,0,0,1,0,"","Complete"
145,NA,"2025-03-11 10:35:59",90,0,60,0,NA,1,20,0,0,0,0,0,0,0,0,0,0,0,0,0,0,0,0,0,0,0,0,0,0,0,0,0,0,1,0,0,0,0,0,0,0,0,0,0,0,0,0,0,0,0,0,0,0,0,0,0,0,0,0,"","Complete"
146,NA,"2025-03-11 11:21:57",75,0,90,0,10,0,50,0,0,0,1,0,0,0,0,0,0,0,0,0,0,0,0,0,0,0,0,0,0,0,0,0,0,0,0,0,0,0,0,0,0,0,0,0,0,0,0,0,0,0,0,0,0,0,0,0,0,0,0,"retaining providers - it has already been  tough to recruit to our clinic, but will definitely affect staff retention - who are knowledgeable in the care of patients living with HIV","Complete"
147,NA,"2025-03-11 11:24:54",100,0,50,0,25,0,10,0,0,0,0,0,0,0,0,0,0,1,0,0,0,0,0,0,0,0,0,0,0,0,0,0,0,0,0,0,0,0,0,0,0,0,0,0,0,0,0,0,0,0,0,0,0,0,0,0,0,0,0,"Cuts should come from areas that are not treatment or medication related.","Complete"
148,NA,"2025-03-11 11:28:32",NA,1,NA,1,NA,1,40,0,0,0,0,0,0,0,0,0,0,0,0,0,0,0,0,0,0,0,0,0,0,0,0,0,0,0,0,0,0,0,0,0,1,0,0,1,0,0,1,0,0,0,0,0,0,0,0,0,1,0,0,"","Complete"
149,NA,"2025-03-11 11:28:57",10,0,NA,1,10,0,50,0,0,0,0,0,0,0,0,0,0,0,0,0,0,0,0,0,0,0,0,0,0,0,0,0,0,0,1,0,0,0,0,0,0,0,0,0,0,0,0,0,0,0,0,0,0,0,0,0,0,0,0,"","Complete"
150,NA,"2025-03-11 11:33:25",75,0,80,0,NA,1,10,0,0,0,0,0,0,1,0,0,0,0,0,0,0,0,0,0,0,0,0,0,0,0,0,0,0,0,0,0,0,0,0,0,0,0,0,0,0,0,0,0,0,0,0,0,0,0,0,0,0,0,0,"","Complete"
151,NA,"2025-03-11 12:09:19",90,0,80,0,50,0,5,0,0,0,0,0,0,0,0,0,0,0,0,0,0,0,0,0,0,0,0,0,0,0,0,0,0,0,0,0,0,0,0,0,0,0,0,0,0,0,0,0,0,0,0,1,0,0,0,0,0,0,0,"Cuts in RW funding will disproportionately impact those areas which are more dependent on these funds, like Texas, and other states that did not expand Medicaid. Many of these states are in the South and already bear a disproportionate burden of the HIV epidemic. Cutting RW funding will worsen these disparities. We already struggle with ADAP delays, limited formularies, running out of RW funds, and fewer RW funds per patient.","Complete"
152,NA,"2025-03-11 12:36:51",20,0,64,0,16,0,0,0,0,0,0,0,0,0,0,0,0,0,0,0,0,0,0,0,0,0,0,0,0,0,0,0,0,0,0,0,0,0,0,0,0,0,0,0,0,0,1,0,0,0,0,0,0,0,0,0,0,0,0,"","Complete"
153,NA,"2025-03-11 13:10:25",40,0,20,0,10,0,20,0,0,0,0,0,0,0,0,0,0,0,0,0,0,0,0,0,0,0,0,0,0,0,0,0,0,0,0,0,0,0,0,0,0,0,0,0,0,0,0,0,0,0,0,0,0,0,0,1,0,0,0,"Copay support for clinic visits and lab testing would be the most immediate issue. Most people would not pay $20 a clinic visit or be able to pay for the lab tests before they met deductible","Complete"
154,NA,"2025-03-11 14:00:21",80,0,50,0,NA,1,80,0,0,0,0,0,0,0,0,1,0,0,0,0,0,0,0,0,0,0,0,0,0,0,0,0,0,0,0,0,0,0,0,0,0,0,0,0,0,0,0,0,0,0,0,0,0,0,0,0,0,0,0,"","Complete"
155,NA,"2025-03-11 14:03:08",70,0,30,0,0,0,90,0,0,0,0,0,0,0,0,0,0,0,0,0,0,0,0,0,0,0,0,0,0,0,0,0,0,0,0,0,0,0,0,0,0,0,0,0,0,0,0,0,0,0,0,0,0,0,0,0,0,1,0,"","Complete"
156,NA,"2025-03-11 14:41:15",50,0,NA,1,50,0,50,0,0,0,0,0,0,0,0,0,0,0,0,0,0,0,0,0,0,0,0,0,0,0,0,0,1,0,0,0,0,0,0,0,0,0,0,0,0,0,0,0,0,0,0,0,0,0,0,0,0,0,0,"","Complete"
157,NA,"2025-03-11 15:27:37",6,0,NA,1,NA,1,NA,1,0,0,0,0,0,0,0,0,0,0,0,0,0,0,0,0,0,0,0,0,0,0,0,0,0,1,0,0,0,0,0,0,0,0,0,0,0,0,0,0,0,0,0,0,0,0,0,0,0,0,0,"","Complete"
158,NA,"2025-03-11 16:51:58",50,0,33,0,5,0,2,0,0,0,0,0,0,0,0,0,0,0,0,0,0,0,1,0,0,0,0,0,0,0,0,0,0,0,0,0,0,0,0,0,0,0,0,0,0,0,0,0,0,0,0,0,0,0,0,0,0,0,0,"","Complete"
159,NA,"2025-03-11 18:18:28",70,0,50,0,30,0,10,0,0,0,0,0,0,0,0,0,0,0,0,0,0,1,0,0,0,0,0,0,0,0,0,0,0,0,0,0,0,0,0,0,0,0,0,0,0,0,0,0,0,0,0,0,0,0,0,0,0,0,0,"","Complete"
160,NA,"2025-03-11 22:13:42",30,0,90,0,10,0,0,0,0,0,0,0,0,0,0,0,0,0,0,0,0,0,0,0,0,0,0,0,0,0,0,0,0,0,0,0,0,0,0,0,0,0,0,0,0,0,1,0,0,0,0,0,0,0,0,0,0,0,0,". obvious :increased transmission, lack of care for other conditions  deaths","Complete"
161,NA,"2025-03-12 07:56:18",100,0,75,0,NA,1,0,0,0,0,0,0,0,0,0,0,0,0,0,0,0,0,0,0,0,0,0,0,0,1,0,0,0,0,0,0,0,0,0,0,0,0,0,0,0,0,0,0,0,0,0,0,0,0,0,0,0,0,0,"Any cuts to funding will be devastating. Patients have done extremely well with access to ADAP and other services including medical case management. Thank you for this.","Complete"
162,NA,"2025-03-12 09:43:14",60,0,15,0,15,0,10,0,0,0,0,0,0,0,0,0,0,0,0,0,0,0,0,0,0,0,0,0,1,0,0,0,0,0,0,0,0,0,0,0,0,0,0,0,0,0,0,0,0,0,0,0,0,0,0,0,0,0,0,"","Complete"
163,NA,"2025-03-12 12:22:17",50,0,60,0,100,0,60,0,0,0,0,0,1,0,0,0,0,0,0,0,0,0,0,0,0,0,0,0,0,0,0,0,0,0,0,0,0,0,0,0,0,0,0,0,0,0,0,0,0,0,0,0,0,0,0,0,0,0,0,"The funding cut would greatly impact the patients with sustaining their Viral load and also care for new patients' w/ HIV ","Complete"
164,NA,"2025-03-12 18:29:24",100,0,NA,1,NA,1,30,0,0,0,0,0,0,0,0,0,0,0,0,0,0,0,0,0,0,0,0,0,0,0,0,0,0,0,0,0,0,0,0,0,0,0,0,0,0,0,0,0,0,0,0,0,1,0,0,0,0,0,0,"very concern that the cuts ( if approved)  will affect the undocumented population as the federal goverment may mandate that undocumented patients HIV therapies will not be covered with federal money.","Complete"
165,NA,"2025-03-14 13:03:49",95,0,NA,1,20,0,0,0,0,0,0,0,0,0,0,0,0,0,0,0,0,0,0,0,0,0,0,0,0,0,0,0,0,0,0,0,0,0,0,0,1,0,0,0,0,0,0,0,0,0,0,0,0,0,0,0,0,0,0,"","Complete"
166,NA,"2025-03-14 13:25:39",NA,1,40,0,NA,1,40,0,0,0,0,0,0,0,0,0,0,1,0,0,0,0,0,0,0,0,0,0,0,0,0,0,0,0,0,0,0,0,0,0,0,0,0,0,0,0,0,0,0,0,0,0,0,0,0,0,0,0,0,"","Complete"
167,NA,"2025-03-14 13:31:08",NA,1,NA,1,NA,1,5,0,0,0,0,1,0,0,0,0,0,0,0,0,0,0,0,0,0,0,0,0,0,0,0,0,1,0,0,0,0,0,0,0,0,0,0,0,0,0,0,0,0,0,1,0,0,0,0,0,0,0,0,"","Complete"
168,NA,"2025-03-14 14:40:00",5,0,10,0,5,0,0,0,0,0,0,0,0,0,0,0,0,0,0,0,0,0,0,0,0,0,0,0,0,0,0,0,0,0,0,0,0,0,0,0,1,0,0,0,0,0,0,0,0,0,0,0,0,0,0,0,0,0,0,"","Complete"
169,NA,"2025-03-14 14:55:51",20,0,80,0,100,0,10,0,0,0,0,0,0,0,0,0,0,0,0,0,0,0,0,0,0,0,0,0,0,0,0,0,0,0,0,0,0,0,1,0,1,0,0,0,0,0,1,0,0,0,0,0,0,0,0,0,0,0,0,"","Complete"
170,NA,"2025-03-16 07:34:30",80,0,60,0,45,0,20,0,0,0,0,0,0,0,0,0,0,0,0,0,0,0,0,0,0,0,0,0,1,0,0,0,0,0,0,0,0,0,0,0,0,0,0,0,0,0,0,0,0,0,0,0,0,0,0,0,0,0,0,"RW has been this country's PEPFAR.   it has allowed this country to equal other industrialized   countries' success in treating pts with hiv thus saving lives  without it and without Medicaid, we will have a sickness system.  of care, dependent on for-profit companies, resulting in death   and dying rates we have not seen since my early years.","Complete"
171,NA,"2025-03-16 13:54:01",90,0,NA,1,NA,1,5,0,0,0,0,0,0,0,0,0,0,0,0,0,0,0,0,0,0,0,0,0,0,0,0,0,0,0,0,0,0,0,0,0,0,0,0,1,0,0,0,0,0,0,0,0,0,0,0,0,0,0,0,"","Complete"
172,NA,"2025-03-17 12:30:56",100,0,40,0,80,0,50,0,0,0,0,0,0,0,0,0,0,0,0,0,0,0,0,0,0,0,0,0,0,0,0,0,0,1,0,0,0,0,0,0,0,0,0,0,0,0,0,0,0,0,0,0,0,0,0,0,0,0,0,"If these folks aren't virally suppressed, they are at risk of illness and death.  Also, HIV rates will rise as unsuppressed individuals are at hugely increased risk of spreading HIV.","Complete"
173,NA,"2025-03-17 14:58:18",5,0,10,0,75,0,5,0,0,0,0,0,0,0,0,0,0,0,0,0,0,0,0,0,0,0,0,0,1,0,0,0,0,0,0,0,0,0,0,0,0,0,0,0,0,0,0,0,0,0,0,0,0,0,0,0,0,0,0,"","Complete"
174,NA,"2025-03-18 11:20:28",20,0,10,0,10,0,20,0,0,0,0,0,0,0,0,0,0,0,0,0,0,0,0,0,0,0,0,0,0,0,0,0,0,0,0,0,0,0,0,0,0,0,0,1,0,0,0,0,0,0,0,0,0,0,0,0,0,0,0,"","Complete"
